target_probability,group,raw_week,decision_week,decision_label
0.9,1,13.875150456616332,14.0,14周+0天
0.9,2,16.04271197480224,16.142857142857142,16周+1天
0.9,3,19.777145877705212,19.857142857142858,19周+6天
0.95,1,16.80088174227685,16.857142857142858,16周+6天
0.95,2,19.42299808256119,19.428571428571427,19周+3天
0.95,3,24.076260215314285,24.142857142857142,24周+1天
0.99,1,24.05292119685733,24.142857142857142,24周+1天
0.99,2,27.802617997897705,27.857142857142858,25周内不可满足（交点27周+6天）
0.99,3,34.86504492704168,35.0,25周内不可满足（交点35周+0天）
